freq,sigma_ext,sigma_sc,d_wall_p
1600,4.2185138239059241e-05,8.5578269304666234e-06,1.8000000000000003
1605,4.3547397409568153e-05,8.8962783009273532e-06,1.8000000000000003
1610,4.5003610389766816e-05,9.2554226502484552e-06,1.8000000000000003
1615,4.6564541824656644e-05,9.6369318734480498e-06,1.8000000000000003
1620,4.8241434697011386e-05,1.0042642139394489e-05,1.8000000000000003
1625,5.0045972953327835e-05,1.0474573013005506e-05,1.8000000000000003
1630,5.199025406462052e-05,1.0934949172471644e-05,1.8000000000000003
1635,5.4086775275491784e-05,1.1426225125008847e-05,1.8000000000000003
1640,5.6348437564647767e-05,1.1951113395654672e-05,1.8000000000000003
1645,5.8788571613190409e-05,1.2512616747295272e-05,1.8000000000000003
1650,6.1420990312896539e-05,1.3114065094165489e-05,1.8000000000000003
1655,6.4260072654789192e-05,1.3759157889985638e-05,1.8000000000000003
1660,6.7320884148298492e-05,1.4452012924119247e-05,1.8000000000000003
1665,7.0619339305362638e-05,1.5197222634288287e-05,1.8000000000000003
1670,7.4172412170891324e-05,1.5999919265213223e-05,1.8000000000000003
1675,7.7998401503531873e-05,1.6865850467340722e-05,1.8000000000000003
1680,8.2117257895720472e-05,1.7801467254203344e-05,1.8000000000000003
1685,8.6550981151660666e-05,1.8814026637797541e-05,1.8000000000000003
1690,9.1324097467199657e-05,1.9911711753610954e-05,1.8000000000000003
1695,9.6464227565011041e-05,2.1103772894672882e-05,1.8000000000000003
1700,0.00010200275904757217,2.2400693632876097e-05,1.8000000000000003
1705,0.00010797563900264557,2.3814387148481607e-05,1.8000000000000003
1710,0.00011442430631901033,2.5358429065007008e-05,1.8000000000000003
1715,0.00012139678772123592,2.7048334579585245e-05,1.8000000000000003
1720,0.00012894898739141907,2.8901889538885571e-05,1.8000000000000003
1725,0.00013714620737717258,3.0939547490590898e-05,1.8000000000000003
1730,0.00014606494571830014,3.3184907748683403e-05,1.8000000000000003
1735,0.00015579503137101052,3.5665293366686715e-05,1.8000000000000003
1740,0.00016644217098865281,3.841245284280172e-05,1.8000000000000003
1745,0.00017813100286959995,4.1463415729775332e-05,1.8000000000000003
1750,0.00019100877978460852,4.4861540530535366e-05,1.8000000000000003
1755,0.00020524983623925987,4.8657803852900353e-05,1.8000000000000003
1760,0.00022106103959027102,5.2912393599578546e-05,1.8000000000000003
1765,0.00023868848109894722,5.7696686856085603e-05,1.8000000000000003
1770,0.00025842573607918226,6.3095716435934509e-05,1.8000000000000003
1775,0.00028062411634386389,6.9211260272235877e-05,1.8000000000000003
1780,0.00030570545806739839,7.6165726878190586e-05,1.8000000000000003
1785,0.00033417814003501936,8.410706016755937e-05,1.8000000000000003
1790,0.00036665721441517767,9.3214949991470112e-05,1.8000000000000003
1795,0.00040388975609073217,0.00010370871220824765,1.8000000000000003
1800,0.00044678678572406764,0.00011585729253318333,1.8000000000000003
1805,0.00049646336295149378,0.00012999194418535651,1.8000000000000003
1810,0.00055428859189794993,0.00014652220858619891,1.8000000000000003
1815,0.00062194714172908938,0.00016595583898689086,1.8000000000000003
1820,0.00070151305825012398,0.00018892313633668838,1.8000000000000003
1825,0.0007955343224028185,0.0002162055805551257,1.8000000000000003
1830,0.00090712122894270886,0.00024876717419744672,1.8000000000000003
1835,0.0010400202815023757,0.00028778368054169581,1.8000000000000003
1840,0.0011986327443788242,0.00033465832789693009,1.8000000000000003
1845,0.0013878949496073016,0.00039099991105600793,1.8000000000000003
1850,0.0016128651866903617,0.00045851691185003066,1.8000000000000003
1855,0.0018777536455468953,0.0005387466279795606,1.8000000000000003
1860,0.0021840131962541851,0.00063249747204590235,1.8000000000000003
1865,0.0025271041362548755,0.00073887106405407486,1.8000000000000003
1870,0.002891982899340049,0.00085384772647192214,1.8000000000000003
1875,0.0032487547397154187,0.00096883003231342153,1.8000000000000003
1880,0.0035523074849275736,0.0010702860507260325,1.8000000000000003
1885,0.003751002937756208,0.0011421154165322937,1.8000000000000003
1890,0.0038051459073818058,0.0011711691060007664,1.8000000000000003
1895,0.0037056137058719216,0.001153188234811928,1.8000000000000003
1900,0.0034781253305874176,0.0010946434777658232,1.8000000000000003
1905,0.0031696135095604719,0.0010090265888387342,1.8000000000000003
1910,0.0028283933434527439,0.0009108959149401396,1.8000000000000003
1915,0.0024910634967795944,0.00081168909685230047,1.8000000000000003
1920,0.0021793249822272768,0.00071849453586378636,1.8000000000000003
1925,0.0019027976774425822,0.00063472705387399486,1.8000000000000003
1930,0.0016633781601315476,0.00056137075280753197,1.8000000000000003
1935,0.0014588580937469216,0.00049806151922079087,1.8000000000000003
1940,0.0012852809289164331,0.00044381533924298859,1.8000000000000003
1945,0.0011382609094524481,0.00039744944783661699,1.8000000000000003
1950,0.00101362890841931,0.00035779776667515861,1.8000000000000003
1955,0.00090769531962441323,0.00032380594706232974,1.8000000000000003
1960,0.00081731551029913063,0.00029456227438922472,1.8000000000000003
1965,0.0007398636073135457,0.00026929735264984676,1.8000000000000003
1970,0.0006731704152502185,0.00024737041301960719,1.8000000000000003
1975,0.00061545288310403689,0.00022825132105774759,1.8000000000000003
1980,0.00056524740737913038,0.00021150256977804706,1.8000000000000003
1985,0.00052135160515792765,0.00019676305605302786,1.8000000000000003
1990,0.00048277553753329951,0.0001837342044818351,1.8000000000000003
1995,0.00044870176894961679,0.00017216843139025289,1.8000000000000003
2000,0.00041845306895468468,0.00016185970609208848,1.8000000000000003
2005,0.00039146645991113845,0.00015263589541468021,1.8000000000000003
2010,0.00036727241381326559,0.00014435258109829721,1.8000000000000003
2015,0.00034547817206812996,0.00013688807379441532,1.8000000000000003
2020,0.00032575434187993537,0.00013013939018939504,1.8000000000000003
2025,0.00030782408652794827,0.0001240190015620084,1.8000000000000003
2030,0.00029145436624557122,0.00011845219906430696,1.8000000000000003
2035,0.00027644880043822915,0.00011337495201111724,1.8000000000000003
2040,0.00026264181376282962,0.00010873216081530431,1.8000000000000003
2045,0.00024989380121474472,0.00010447622648434946,1.8000000000000003
2050,0.00023808710468014666,0.00010056587479618811,1.8000000000000003
2055,0.00022712263850411786,9.6965185984263855e-05,1.8000000000000003
2060,0.00021691703671812725,9.3642790871204676e-05,1.8000000000000003
2065,0.00020740022236541073,9.0571202269857802e-05,1.8000000000000003
2070,0.00019851332106392655,8.7726256752206715e-05,1.8000000000000003
2075,0.00019020685788129354,8.5086646790661589e-05,1.8000000000000003
2080,0.00018243919011063454,8.2633527188065087e-05,1.8000000000000003
2085,0.00017517513896774594,8.0350182803637504e-05,1.8000000000000003
2090,0.00016838479148034306,7.8221747032632729e-05,1.8000000000000003
2095,0.00016204245032468362,7.6234962478004525e-05,1.8000000000000003
2100,0.00015612571429740509,7.4377976805565032e-05,1.8000000000000003
2105,0.00015061467603056703,7.2640168048798437e-05,1.8000000000000003
2110,0.00014549122644172917,7.1011994646019751e-05,1.8000000000000003
2115,0.00014073845758224136,6.9484866313740756e-05,1.8000000000000003
2120,0.0001363401571751481,6.805103253050218e-05,1.8000000000000003
2125,0.0001322803891539985,6.6703485950851866e-05,1.8000000000000003
2130,0.00012854315524732409,6.5435878519686793e-05,1.8000000000000003
2135,0.00012511213303420388,6.4242448410192223e-05,1.8000000000000003
2140,0.00012197048602527947,6.3117956226039986e-05,1.8000000000000003
2145,0.00011910074127992191,6.2057629146325253e-05,1.8000000000000003
2150,0.00011648472988946133,6.1057111899764691e-05,1.8000000000000003
2155,0.00011410358536369514,6.0112423631084229e-05,1.8000000000000003
2160,0.0001119377946504674,5.9219919858491355e-05,1.8000000000000003
2165,0.00010996729611675786,5.8376258845930921e-05,1.8000000000000003
2170,0.0001081716185375617,5.757837181055659e-05,1.8000000000000003
2175,0.0001065300547050661,5.6823436473985699e-05,1.8000000000000003
2180,0.00010502186314280094,5.6108853531999445e-05,1.8000000000000003
2185,0.00010362649107562571,5.543222568011886e-05,1.8000000000000003
2190,0.00010232381179091784,5.4791338886428235e-05,1.8000000000000003
2195,0.00010109436945414422,5.4184145636036489e-05,1.8000000000000003
2200,9.9919624507554533e-05,5.3608749921866771e-05,1.8000000000000003
2205,9.8782193065204805e-05,5.3063393774797461e-05,1.8000000000000003
2210,9.766607388214374e-05,5.2546445160613221e-05,1.8000000000000003
2215,9.6556856998419619e-05,5.2056387092304951e-05,1.8000000000000003
2220,9.5441908610531875e-05,5.1591807821357937e-05,1.8000000000000003
2225,9.4310527339533175e-05,5.115139199544191e-05,1.8000000000000003
2230,9.3154067756988167e-05,5.0733912676295078e-05,1.8000000000000003
2235,9.1966027833190187e-05,5.0338224130866778e-05,1.8000000000000003
2240,9.0742097716413174e-05,4.9963255312328295e-05,1.8000000000000003
2245,8.9480168234757238e-05,4.9608003962588826e-05,1.8000000000000003
2250,8.8180298315037792e-05,4.9271531271455624e-05,1.8000000000000003
2255,8.6844641505490626e-05,4.8952957036372712e-05,1.8000000000000003
2260,8.5477332648065311e-05,4.8651455271023421e-05,1.8000000000000003
2265,8.4084336635011455e-05,4.8366250218490903e-05,1.8000000000000003
2270,8.267326206511173e-05,4.8096612725791181e-05,1.8000000000000003
2275,8.1253143321256206e-05,4.7841856943825326e-05,1.8000000000000003
2280,7.9834195378272109e-05,4.7601337317545953e-05,1.8000000000000003
2285,7.8427546195378503e-05,4.7374445837638201e-05,1.8000000000000003
2290,7.7044952101493243e-05,4.7160609523077893e-05,1.8000000000000003
2295,7.5698501958336691e-05,4.6959288112364975e-05,1.8000000000000003
2300,7.4400316157069972e-05,4.676997193840448e-05,1.8000000000000003
2305,7.3162246679623602e-05,4.6592179968440382e-05,1.8000000000000003
2310,7.1995584429559046e-05,4.6425457989235326e-05,1.8000000000000003
2315,7.0910779934372915e-05,4.6269376923040455e-05,1.8000000000000003
2320,6.9917183289251454e-05,4.6123531257810969e-05,1.8000000000000003
2325,6.9022808814792367e-05,4.5987537582099162e-05,1.8000000000000003
2330,6.8234129405180051e-05,4.5861033210957408e-05,1.8000000000000003
2335,6.7555904967316063e-05,4.5743674895361878e-05,1.8000000000000003
2340,6.6991048620556362e-05,4.5635137606975754e-05,1.8000000000000003
2345,6.6540533572998417e-05,4.5535113392013359e-05,1.8000000000000003
2350,6.6203342722977876e-05,4.5443310288404493e-05,1.8000000000000003
2355,6.5976462158108746e-05,4.5359451302888835e-05,1.8000000000000003
2360,6.5854918790923399e-05,4.5283273444784414e-05,1.8000000000000003
2365,6.5831861422149636e-05,4.521452681316505e-05,1.8000000000000003
2370,6.5898683638783778e-05,4.5152973737615216e-05,1.8000000000000003
2375,6.6045186006712158e-05,4.509838796922512e-05,1.8000000000000003
2380,6.6259774208595119e-05,4.5050553922941956e-05,1.8000000000000003
2385,6.6529688984672008e-05,4.5009265969406759e-05,1.8000000000000003
2390,6.6841263035795977e-05,4.4974327776432325e-05,1.8000000000000003
2395,6.7180199453377646e-05,4.494555169998909e-05,1.8000000000000003
2400,6.7531865764933771e-05,4.492275822321217e-05,1.8000000000000003
1600,3.7753294493905928e-05,7.7462926950468648e-06,1.8999999999999999
1605,3.8855288495026418e-05,8.026948792110842e-06,1.8999999999999999
1610,4.0030462203000904e-05,8.3235484491437084e-06,1.8999999999999999
1615,4.1287713102412074e-05,8.6373035722560497e-06,1.8999999999999999
1620,4.2636248794036354e-05,8.9695380542218892e-06,1.8999999999999999
1625,4.4085528934424148e-05,9.3217000064306462e-06,1.8999999999999999
1630,4.5645213322709758e-05,9.6953755474142532e-06,1.8999999999999999
1635,4.7325119228536222e-05,1.0092304374638252e-05,1.8999999999999999
1640,4.9135191177695958e-05,1.0514397383266092e-05,1.8999999999999999
1645,5.108548656807014e-05,1.0963756639779868e-05,1.8999999999999999
1650,5.3186180527109207e-05,1.1442698070366948e-05,1.8999999999999999
1655,5.5447593566236133e-05,1.1953777286437697e-05,1.8999999999999999
1660,5.7880245607149847e-05,1.2499819043428621e-05,1.8999999999999999
1665,6.0494940075380225e-05,1.3083950918806671e-05,1.8999999999999999
1670,6.3302881804737165e-05,1.3709641900665221e-05,1.8999999999999999
1675,6.6315832670939772e-05,1.4380746707979604e-05,1.8999999999999999
1680,6.9546309001240503e-05,1.5101556819031094e-05,1.8999999999999999
1685,7.3007825125836283e-05,1.5876859371042567e-05,1.8999999999999999
1690,7.6715187765631466e-05,1.6712005325218069e-05,1.8999999999999999
1695,8.0684846531259521e-05,1.7612988569390732e-05,1.8999999999999999
1700,8.4935306459960232e-05,1.8586537971415267e-05,1.8999999999999999
1705,8.9487609655374977e-05,1.9640224819489585e-05,1.8999999999999999
1710,9.4365894201981851e-05,2.0782588598801147e-05,1.8999999999999999
1715,9.9598040515291647e-05,2.2023284696488585e-05,1.8999999999999999
1720,0.00010521641733406234,2.3373258424628252e-05,1.8999999999999999
1725,0.00011125874269010463,2.4844950736179279e-05,1.8999999999999999
1730,0.00011776907888487085,2.6452542255090257e-05,1.8999999999999999
1735,0.00012479898539101184,2.8212243798435213e-05,1.8999999999999999
1740,0.00013240885985909409,3.0142643532021305e-05,1.8999999999999999
1745,0.0001406695053401572,3.2265123397406405e-05,1.8999999999999999
1750,0.00014966397203323089,3.4604360603273847e-05,1.8999999999999999
1755,0.00015948973482604947,3.7188934023223806e-05,1.8999999999999999
1760,0.00017026128461933412,4.0052060511345767e-05,1.8999999999999999
1765,0.000182113232654682,4.3232492796374198e-05,1.8999999999999999
1770,0.00019520405444911965,4.6775619195435145e-05,1.8999999999999999
1775,0.00020972063520094812,5.0734816478258537e-05,1.8999999999999999
1780,0.00022588382352928247,5.5173121561943761e-05,1.8999999999999999
1785,0.00024395525881967575,6.0165306368104935e-05,1.8999999999999999
1790,0.00026424581180292992,6.5800464272274461e-05,1.8999999999999999
1795,0.00028712607335882494,7.2185247795273952e-05,1.8999999999999999
1800,0.00031303944734877031,7.9447937218959626e-05,1.8999999999999999
1805,0.00034251855357540388,8.7743570699839196e-05,1.8999999999999999
1810,0.00037620583035780254,9.7260429852774036e-05,1.8999999999999999
1815,0.0004148794386069652,0.0001082282510623946,1.8999999999999999
1820,0.00045948579520709937,0.00012092861912420392,1.8999999999999999
1825,0.00051118025672214861,0.00013570808511654745,1.8999999999999999
1830,0.00057137752951409411,0.00015299460712289248,1.8999999999999999
1835,0.00064181307146583019,0.00017331787722537476,1.8999999999999999
1840,0.00072461561097450413,0.00019733383832040962,1.8999999999999999
1845,0.00082238802625578331,0.00022585294037540248,1.8999999999999999
1850,0.00093828746428558198,0.00025986991315145639,1.8999999999999999
1855,0.0010760825602310743,0.00030058906235757926,1.8999999999999999
1860,0.0012401405135853149,0.00034943160888091507,1.8999999999999999
1865,0.001435251347145522,0.00040799767856368512,1.8999999999999999
1870,0.0016661215617142584,0.00047793187157850838,1.8999999999999999
1875,0.0019362640002826626,0.0005606066766687273,1.8999999999999999
1880,0.0022459146089126099,0.00065650264829109561,1.8999999999999999
1885,0.002588670008972201,0.00076417223303220034,1.8999999999999999
1890,0.0029471098708690044,0.00087883338065176183,1.8999999999999999
1895,0.0032891872688188589,0.00099109931410386732,1.8999999999999999
1900,0.0035693719905531525,0.0010870651933757968,1.8999999999999999
1905,0.0037389253106362083,0.0011512050205674399,1.8999999999999999
1910,0.003764286006883155,0.0011719895652930379,1.8999999999999999
1915,0.0036429597281885883,0.0011471143589982522,1.8999999999999999
1920,0.0034043015690205917,0.001084295120396923,1.8999999999999999
1925,0.0030947271638197948,0.00099710895820088563,1.8999999999999999
1930,0.0027594506551501907,0.00089940134416066826,1.8999999999999999
1935,0.002431597725401087,0.00080171262224185656,1.8999999999999999
1940,0.0021302782440759662,0.00071042891285008093,1.8999999999999999
1945,0.0018636192634615279,0.00062854568580559785,1.8999999999999999
1950,0.001632852963069917,0.0005568509502871425,1.8999999999999999
1955,0.0014355970758200185,0.00049492013912440529,1.8999999999999999
1960,0.0012679626737578898,0.00044177715524089823,1.8999999999999999
1965,0.0011257263938170697,0.00039627498115370983,1.8999999999999999
1970,0.0010049016064045688,0.00035729014313262285,1.8999999999999999
1975,0.00090196851741092016,0.00032380835238068851,1.8999999999999999
1980,0.000813928380239117,0.00029495203947033669,1.8999999999999999
1985,0.00073827600897283816,0.00026997949592778712,1.8999999999999999
1990,0.00067294041617779016,0.00024827179778469312,1.8999999999999999
1995,0.00061621814940472457,0.00022931578469803708,1.8999999999999999
2000,0.00056671038260047788,0.00021268703141736847,1.8999999999999999
2005,0.00052326794427505366,0.00019803447760144362,1.8999999999999999
2010,0.00048494516370168516,0.00018506724835547843,1.8999999999999999
2015,0.00045096196536824839,0.00017354366717360335,1.8999999999999999
2020,0.00042067311091196943,0.00016326224142243563,1.8999999999999999
2025,0.00039354338983921576,0.0001540543311643297,1.8999999999999999
2030,0.00036912765012317813,0.00014577821312304718,1.8999999999999999
2035,0.00034705471522997926,0.00013831428178824866,1.8999999999999999
2040,0.00032701439940301211,0.00013156116847649942,1.8999999999999999
2045,0.00030874698440797109,0.00012543259779640393,1.8999999999999999
2050,0.00029203465009836418,0.00011985483512443417,1.8999999999999999
2055,0.00027669445722870956,0.00011476460772490522,1.8999999999999999
2060,0.00026257256665841169,0.00011010740585668144,1.8999999999999999
2065,0.0002495394468545885,0.00010583608936817946,1.8999999999999999
2070,0.00023748587525648034,0.00010190974051994536,1.8999999999999999
2075,0.00022631958120507848,9.829271590075636e-05,1.8999999999999999
2080,0.00021596241094445302,9.4953859847226308e-05,1.8999999999999999
2085,0.00020634792118094642,9.1865849361322095e-05,1.8999999999999999
2090,0.00019741932768159738,8.9004646450775658e-05,1.8999999999999999
2095,0.00018912775128598666,8.6349038586729335e-05,1.8999999999999999
2100,0.00018143071584299765,8.388025167221275e-05,1.8999999999999999
2105,0.00017429086227920622,8.1581622927348528e-05,1.8999999999999999
2110,0.00016767485029060345,7.9438323443403917e-05,1.8999999999999999
2115,0.00016155242495447691,7.7437122067478383e-05,1.8999999999999999
2120,0.0001558956298438847,7.5566183795790153e-05,1.8999999999999999
2125,0.00015067815159338903,7.3814897079595634e-05,1.8999999999999999
2130,0.00014587478327400668,7.2173725433984288e-05,1.8999999999999999
2135,0.00014146099571817937,7.0634079540306499e-05,1.8999999999999999
2140,0.00013741260724956552,6.9188206690232166e-05,1.8999999999999999
2145,0.00013370554305604617,6.7829094941433042e-05,1.8999999999999999
2150,0.00013031567605235596,6.65503897993173e-05,1.8999999999999999
2155,0.00012721874133123049,6.5346321589828708e-05,1.8999999999999999
2160,0.00012439031650091737,6.4211641985665961e-05,1.8999999999999999
2165,0.00012180586017613537,6.3141568394065359e-05,1.8999999999999999
2170,0.00011944080095214082,6.213173510799095e-05,1.8999999999999999
2175,0.00011727066898268085,6.1178150303379703e-05,1.8999999999999999
2180,0.00011527126241329413,6.0277158090483418e-05,1.8999999999999999
2185,0.00011341884075134397,5.9425404957246238e-05,1.8999999999999999
2190,0.0001116903373737231,5.8619810032021204e-05,1.8999999999999999
2195,0.00011006358346217253,5.7857538679132142e-05,1.8999999999999999
2200,0.00010851753581229596,5.7135979011633339e-05,1.8999999999999999
2205,0.00010703250133287627,5.6452720959436337e-05,1.8999999999999999
2210,0.00010559035131884528,5.580553758634832e-05,1.8999999999999999
2215,0.00010417471916118883,5.5192368385488736e-05,1.8999999999999999
2220,0.00010277117565491803,5.4611304325214994e-05,1.8999999999999999
2225,0.00010136737677789992,5.4060574442015461e-05,1.8999999999999999
2230,9.9953179529939495e-05,5.3538533804156776e-05,1.8999999999999999
2235,9.8520722208908208e-05,5.3043652695070226e-05,1.8999999999999999
2240,9.7064466455549904e-05,5.2574506880290943e-05,1.8999999999999999
2245,9.5581199192647625e-05,5.2129768839571809e-05,1.8999999999999999
2250,9.4069993593262323e-05,5.1708199861528715e-05,1.8999999999999999
2255,9.2532129148019198e-05,5.1308642905750261e-05,1.8999999999999999
2260,9.0970971818641705e-05,5.0930016151597992e-05,1.8999999999999999
2265,8.939181615646927e-05,5.0571307161881732e-05,1.8999999999999999
2270,8.7801692192708962e-05,5.0231567592685452e-05,1.8999999999999999
2275,8.6209140596302708e-05,4.9909908395478575e-05,1.8999999999999999
2280,8.4623960435659096e-05,4.9605495455227081e-05,1.8999999999999999
2285,8.3056934415676412e-05,4.9317545619315071e-05,1.8999999999999999
2290,8.1519537030083058e-05,4.9045323076563388e-05,1.8999999999999999
2295,8.0023631464279509e-05,4.8788136046041472e-05,1.8999999999999999
2300,7.8581161360327144e-05,4.8545333743399192e-05,1.8999999999999999
2305,7.7203843724081906e-05,4.83163035948924e-05,1.8999999999999999
2310,7.5902869237087466e-05,4.8100468670851406e-05,1.8999999999999999
2315,7.4688616161542687e-05,4.7897285316581293e-05,1.8999999999999999
2320,7.3570383743510698e-05,4.7706240957519102e-05,1.8999999999999999
2325,7.2556150656336312e-05,4.7526852062299825e-05,1.8999999999999999
2330,7.1652363528652735e-05,4.7358662245816016e-05,1.8999999999999999
2335,7.0863760000067967e-05,4.720124049987354e-05,1.8999999999999999
2340,7.0193230017315969e-05,4.7054179538394291e-05,1.8999999999999999
2345,6.9641718346926749e-05,4.6917094247548566e-05,1.8999999999999999
2350,6.9208170359679765e-05,4.6789620232406127e-05,1.8999999999999999
2355,6.8889522307630019e-05,4.6671412452992164e-05,1.8999999999999999
2360,6.868073633717724e-05,4.6562143944109886e-05,1.8999999999999999
2365,6.8574879537503075e-05,4.6461504613765657e-05,1.8999999999999999
2370,6.8563245433461668e-05,4.6369200117144578e-05,1.8999999999999999
2375,6.86355153717781e-05,4.6284950802960141e-05,1.8999999999999999
2380,6.8779956431956474e-05,4.6208490728939921e-05,1.8999999999999999
2385,6.8983651688815406e-05,4.6139566745837984e-05,1.8999999999999999
2390,6.9232757960889098e-05,4.6077937646442355e-05,1.8999999999999999
2395,6.9512785553724996e-05,4.6023373379342686e-05,1.8999999999999999
2400,6.9808894051908332e-05,4.5975654325137915e-05,1.8999999999999999
1600,3.403490887655064e-05,7.0902976102016338e-06,2
1605,3.4930356494746788e-05,7.3259492939895848e-06,2
1610,3.5883238724357971e-05,7.5740284459100772e-06,2
1615,3.6901127486123727e-05,7.8354253844513442e-06,2
1620,3.7991800381941553e-05,8.1111080126852971e-06,2
1625,3.9163170722230065e-05,8.4021297918966129e-06,2
1630,4.0423221404809277e-05,8.709638669827137e-06,2
1635,4.1779945355158102e-05,9.0348870938902852e-06,2
1640,4.3241295277809482e-05,9.3792432597590172e-06,2
1645,4.481514555733738e-05,9.7442037699401204e-06,2
1650,4.6509269140470887e-05,1.0131407903213107e-05,2
1655,4.8331332212055793e-05,1.0542653729738345e-05,2
1660,5.0288909440983991e-05,1.09799163439912e-05,2
1665,5.2389522513209e-05,1.1445368534052857e-05,2
1670,5.4640704554356587e-05,1.1941404259022734e-05,2
1675,5.7050093004567112e-05,1.2470665371384442e-05,2
1680,5.9625553398539551e-05,1.3036072097673025e-05,2
1685,6.2375336461375578e-05,1.3640857882404559e-05,2
1690,6.5308270939383646e-05,1.4288609312395763e-05,2
1695,6.8433994610338236e-05,1.4983311969250282e-05,2
1700,7.1763226042234867e-05,1.5729403220531686e-05,2
1705,7.5308080003310622e-05,1.6531833154402665e-05,2
1710,7.9082429699786793e-05,1.7396135100047175e-05,2
1715,8.310231973475845e-05,1.8328507462899929e-05,2
1720,8.7386434417496774e-05,1.9335908960768304e-05,2
1725,9.195662725751039e-05,2.0426169779996574e-05,2
1730,9.6838518894237186e-05,2.160812170274609e-05,2
1735,0.0001020621727374106,2.2891750925112664e-05,2
1740,0.0001076628600799356,2.4288378102639793e-05,2
1745,0.00011368192966846351,2.5810871184337495e-05,2
1750,0.00012016780085788564,2.7473897882981246e-05,2
1755,0.00012717710462379616,2.9294226229945331e-05,2
1760,0.0001347760033979742,3.129108369867643e-05,2
1765,0.00014304172896184521,3.3486587947348038e-05,2
1770,0.0001520643882560617,3.5906265485090988e-05,2
1775,0.00016194910042815824,3.857967873419657e-05,2
1780,0.0001728185454355844,4.1541187275317359e-05,2
1785,0.00018481602642022763,4.4830875894523872e-05,2
1790,0.000198109175701695,4.8495690845087689e-05,2
1795,0.00021289446993331756,5.259083708831141e-05,2
1800,0.00022940276537300385,5.7181503943184369e-05,2
1805,0.0002479061224526325,6.2345005537354009e-05,2
1810,0.00026872626322300996,6.8173446953982342e-05,2
1815,0.00029224509939430312,7.4777058438272551e-05,2
1820,0.00031891788742239847,8.2288380284864859e-05,2
1825,0.00034928971302565623,9.0867531639855209e-05,2
1830,0.00038401618282077945,0.00010070885884109098,2
1835,0.00042388939813822486,0.00011204933258444363,2
1840,0.0004698704860208876,0.00012517914380618273,2
1845,0.00052313010895240711,0.000140455022160689,2
1850,0.00058509834968096381,0.00015831683593732566,2
1855,0.00065752491761699491,0.00017930795674380237,2
1860,0.00074254924813188397,0.0002040995396530723,2
1865,0.00084277679092994366,0.00023351798703441238,2
1870,0.00096135079088246285,0.00026857287300098695,2
1875,0.0011019948994742614,0.00031047848137991763,2
1880,0.0012689756102041612,0.0003606541026701929,2
1885,0.001466886974333362,0.00042067370293863638,2
1890,0.0017000855778641242,0.00049211158264914285,2
1895,0.0019715051006243688,0.00057619724338695661,2
1900,0.0022805055181245636,0.00067316313854543874,2
1905,0.0026195239569059845,0.00078119190052880092,2
1910,0.0029699343094825355,0.00089505388837324642,2
1915,0.0032990544831531313,0.0010050006420228045,2
1920,0.0035622044111149791,0.0010971372440905837,2
1925,0.003713538183015517,0.0011565551422414114,2
1930,0.0037236663117022209,0.0011728287962291192,2
1935,0.0035934829447295574,0.0011446967567739815,2
1940,0.0033532319092975122,0.0010803160532179377,2
1945,0.0030478088024633908,0.00099303522611362063,2
1950,0.0027199087088052346,0.00089613875487605011,2
1955,0.0024004370839744919,0.00079962880343965924,2
1960,0.0021070956152052897,0.00070953572607683913,2
1965,0.001847345021703499,0.00062868011242546234,2
1970,0.0016222309819091695,0.00055779535203439765,2
1975,0.0014294312061179765,0.00049646462742193988,2
1980,0.0012652148321604956,0.00044374440673212789,2
1985,0.0011255370252448256,0.00039852535142440146,2
1990,0.0010065761223928018,0.00035971822702413064,2
1995,0.00090495249939193925,0.00032633681265026852,2
2000,0.00081778196189639669,0.00029752533323761804,2
2005,0.00074265143321978761,0.00027255847919504476,2
2010,0.00067756376406131699,0.00025082942835419109,2
2015,0.00062087499604020029,0.00023183383789373904,2
2020,0.00057123472350028767,0.00021515364844153768,2
2025,0.00052753368260637068,0.00020044236076923992,2
2030,0.00048885953172629387,0.00018741234352307156,2
2035,0.00045446037235648149,0.00017582420667908166,2
2040,0.00042371502436415362,0.00016547805112611055,2
2045,0.00039610895437324352,0.00015620632986316498,2
2050,0.00037121482580797682,0.00014786805178475278,2
2055,0.00034867677734800782,0.00014034408423594733,2
2060,0.0003281976874103865,0.00013353334575291002,2
2065,0.00030952882249161171,0.00012734971601157335,2
2070,0.00029246138778263054,0.00012171952218327609,2
2075,0.00027681959815530961,0.00011657948830513025,2
2080,0.00026245496825833502,0.00011187505692094869,2
2085,0.00024924158456017499,0.0001075590105701453,2
2090,0.00023707217294712617,0.00010359033539763947,2
2095,0.00022585481519711142,9.993328083785405e-05,2
2100,0.00021551019882333781,9.655657860228482e-05,2
2105,0.00020596930910177227,9.3432791528203206e-05,2
2110,0.00019717149106491605,9.0537768670403062e-05,2
2115,0.00018906282395056331,8.7850187620052992e-05,2
2120,0.00018159476205341187,8.5351168696838633e-05,2
2125,0.00017472300480204456,8.3023948580561357e-05,2
2130,0.00016840656570686629,8.08536032671912e-05,2
2135,0.0001626070150104562,7.8826812104743988e-05,2
2140,0.00015728787499156042,7.6931656159624572e-05,2
2145,0.00015241414975661474,7.515744537027206e-05,2
2150,0.00014795197373690316,7.3494569913779768e-05,2
2155,0.00014386836473828717,7.1934372016375366e-05,2
2160,0.00014013106870878911,7.0469035068889977e-05,2
2165,0.00013670848422248858,6.909148744064257e-05,2
2170,0.00013356965548990074,6.7795318818730406e-05,2
2175,0.00013068432310341799,6.6574707243598934e-05,2
2180,0.00012802302230845121,6.542435531760279e-05,2
2185,0.00012555721879640091,6.4339434291680602e-05,2
2190,0.00012325947253854613,6.3315534945147057e-05,2
2195,0.00012110362043413028,6.2348624334660285e-05,2
2200,0.00011906496901553434,6.1435007628738472e-05,2
2205,0.00011712048896478166,6.0571294361447936e-05,2
2210,0.00011524900362123333,5.975436853561067e-05,2
2215,0.00011343136439710704,5.8981362085482409e-05,2
2220,0.00011165060661459126,5.8249631282268651e-05,2
2225,0.00010989208009319991,5.7556735719151118e-05,2
2230,0.0001081435495973147,5.6900419565562212e-05,2
2235,0.00010639526119803053,5.6278594819447378e-05,2
2240,0.00010463997145545243,5.5689326323650856e-05,2
2245,0.00010287293738173136,5.5130818340687195e-05,2
2250,0.00010109186605561126,5.4601402509013968e-05,2
2255,9.9296823803088442e-05,5.4099527021779243e-05,2
2260,9.7490105785570208e-05,5.3623746893341349e-05,2
2265,9.5676067803395477e-05,5.317271518921884e-05,2
2270,9.3860923031084467e-05,5.2745175114362373e-05,2
2275,9.2052507150966614e-05,5.2339952864839591e-05,2
2280,9.026001620547722e-05,5.1955951158300308e-05,2
2285,8.8493722026619477e-05,5.1592143367670427e-05,2
2290,8.676467072513312e-05,5.1247568194623227e-05,2
2295,8.5084370069106937e-05,5.092132482081398e-05,2
2300,8.3464471945000454e-05,5.0612568485788435e-05,2
2305,8.191645618899628e-05,5.0320506445183499e-05,2
2310,8.0451322139837788e-05,5.0044394267727133e-05,2
2315,7.9079294130240108e-05,4.9783532434157108e-05,2
2320,7.7809546891114399e-05,4.9537263206565426e-05,2
2325,7.6649956475512864e-05,4.930496773838214e-05,2
2330,7.5606881771217804e-05,4.9086063402766372e-05,2
2335,7.4684981131435229e-05,4.8880001314591224e-05,2
2340,7.3887067844373314e-05,4.8686264030318802e-05,2
2345,7.3214007472640732e-05,4.850436340754596e-05,2
2350,7.2664659145112658e-05,4.8333838611488967e-05,2
2355,7.2235862040561819e-05,4.8174254256284053e-05,2
2360,7.1922467298146027e-05,4.8025198671272137e-05,2
2365,7.1717414696605809e-05,4.7886282283943015e-05,2
2370,7.1611852463608589e-05,4.7757136111912604e-05,2
2375,7.1595297665034651e-05,4.7637410359074078e-05,2
2380,7.1655833777302576e-05,4.7526773109196425e-05,2
2385,7.1780341236573388e-05,4.7424909114029288e-05,2
2390,7.1954756049047555e-05,4.7331518670577812e-05,2
2395,7.2164350927336068e-05,4.7246316585394437e-05,2
2400,7.2394032952257539e-05,4.716903122017334e-05,2
1600,3.0905111876317255e-05,6.5575250886498486e-06,2.1000000000000001
1605,3.1635506024939241e-05,6.7578202024308578e-06,2.1000000000000001
1610,3.2411253901912182e-05,6.967907799041629e-06,2.1000000000000001
1615,3.3238972237812267e-05,7.1884499370931404e-06,2.1000000000000001
1620,3.4125419164975932e-05,7.4201632155789392e-06,2.1000000000000001
1625,3.5077417453643156e-05,7.6638240611390567e-06,2.1000000000000001
1630,3.6101780153907803e-05,7.9202746124043854e-06,2.1000000000000001
1635,3.7205241081953737e-05,8.1904292782260706e-06,2.1000000000000001
1640,3.8394392644795535e-05,8.4752820581258817e-06,2.1000000000000001
1645,3.9675633526968626e-05,8.7759147255716567e-06,2.1000000000000001
1650,4.10551287074485e-05,9.0935059899054018e-06,2.1000000000000001
1655,4.2538784237908369e-05,9.4293417701623222e-06,2.1000000000000001
1660,4.4132239094432102e-05,9.7848267346850189e-06,2.1000000000000001
1665,4.5840876286986131e-05,1.0161497284106429e-05,2.1000000000000001
1670,4.7669855237440953e-05,1.0561036183422006e-05,2.1000000000000001
1675,4.9624167277821292e-05,1.0985289082621248e-05,2.1000000000000001
1680,5.1708715889029203e-05,1.1436283203796913e-05,2.1000000000000001
1685,5.3928423147143568e-05,1.1916248520456444e-05,2.1000000000000001
1690,5.628836361235057e-05,1.2427641808081056e-05,2.1000000000000001
1695,5.8793926790120767e-05,1.2973174012788195e-05,2.1000000000000001
1700,6.1451009054068278e-05,1.3555841461895705e-05,2.1000000000000001
1705,6.4266236044116772e-05,1.4178961535540544e-05,2.1000000000000001
1710,6.724721630917351e-05,1.484621352999487e-05,2.1000000000000001
1715,7.0402827257659586e-05,1.5561685579716579e-05,2.1000000000000001
1720,7.3743534606397984e-05,1.6329928670782688e-05,2.1000000000000001
1725,7.7281746875736287e-05,1.7156018973811417e-05,2.1000000000000001
1730,8.1032207069100276e-05,1.8045629968859692e-05,2.1000000000000001
1735,8.5012424393179133e-05,1.9005116128500244e-05,2.1000000000000001
1740,8.9243149912280437e-05,2.0041610284663791e-05,2.1000000000000001
1745,9.3748901428555034e-05,2.1163137247063588e-05,2.1000000000000001
1750,9.855854450482041e-05,2.2378746786271282e-05,2.1000000000000001
1755,0.00010370593888384228,2.3698669766716896e-05,2.1000000000000001
1760,0.00010923066224237515,2.5134502050486413e-05,2.1000000000000001
1765,0.00011517882673827705,2.6699421831419414e-05,2.1000000000000001
1770,0.00012160400819737943,2.8408447359619929e-05,2.1000000000000001
1775,0.00012856831320374971,3.0278743648721585e-05,2.1000000000000001
1780,0.00013614361617997651,3.2329988807685344e-05,2.1000000000000001
1785,0.00014441300714401672,3.4584813241166059e-05,2.1000000000000001
1790,0.00015347250146519509,3.7069328253296371e-05,2.1000000000000001
1795,0.00016343307656344912,3.9813764787707711e-05,2.1000000000000001
1800,0.00017442311748810135,4.28532483938594e-05,2.1000000000000001
1805,0.00018659137502551824,4.6228743390576132e-05,2.1000000000000001
1810,0.00020011056748782949,4.9988208013104561e-05,2.1000000000000001
1815,0.00021518179243805108,5.4188013714838154e-05,2.1000000000000001
1820,0.00023203995920457641,5.8894696443442883e-05,2.1000000000000001
1825,0.00025096051016536492,6.4187126602834838e-05,2.1000000000000001
1830,0.00027226777101974748,7.0159208722313308e-05,2.1000000000000001
1835,0.00029634536167186774,7.692325295850303e-05,2.1000000000000001
1840,0.0003236492133517942,8.4614200049553054e-05,2.1000000000000001
1845,0.00035472387681371504,9.3394930675428061e-05,2.1000000000000001
1850,0.00039022297076461959,0.00010346295024271089,2.1000000000000001
1855,0.00043093480111159232,0.00011505880979052062,2.1000000000000001
1860,0.00047781435562332611,0.00012847669764173183,2.1000000000000001
1865,0.00053202298685599259,0.00014407769913368462,2.1000000000000001
1870,0.00059497701084152939,0.00016230623807166292,2.1000000000000001
1875,0.00066840591058619819,0.00018371010785464407,2.1000000000000001
1880,0.0007544193278202964,0.00020896411926286403,2.1000000000000001
1885,0.00085557857537026875,0.0002388964357663741,2.1000000000000001
1890,0.00097496119917233281,0.00027451457043981356,2.1000000000000001
1895,0.0011161929903443916,0.0003170237632027202,2.1000000000000001
1900,0.0012833956374339911,0.00036782234077034582,2.1000000000000001
1905,0.0014809527529574531,0.00042844420192313955,2.1000000000000001
1910,0.0017129259942846209,0.00050039524368916341,2.1000000000000001
1915,0.0019818627485171853,0.0005847992593458498,2.1000000000000001
1920,0.0022866788380340865,0.0006817441161059524,2.1000000000000001
1925,0.0026194333829040136,0.00078924977372092815,2.1000000000000001
1930,0.0029614569704458187,0.00090196950976116034,2.1000000000000001
1935,0.0032807496403943325,0.0010101955643761352,2.1000000000000001
1940,0.0035343131804730543,0.0011003390129029637,2.1000000000000001
1945,0.0036786868585447271,0.0011580368017547003,2.1000000000000001
1950,0.0036865016355415942,0.0011734019868465755,2.1000000000000001
1955,0.0035591298964670619,0.0011453828012126007,2.1000000000000001
1960,0.0033255429457359031,0.0010819171292148211,2.1000000000000001
1965,0.0030285219599845551,0.0009959056264586528,2.1000000000000001
1970,0.0027089031580948947,0.00090022883774286682,2.1000000000000001
1975,0.0023965041720100115,0.00080466306007737282,2.1000000000000001
1980,0.0021086499934027409,0.00071517799796995169,2.1000000000000001
1985,0.001852857010644228,0.00063462946708642742,2.1000000000000001
1990,0.0016304113125636143,0.00056382129256808775,2.1000000000000001
1995,0.0014392686457501756,0.00050240794671239757,2.1000000000000001
2000,0.0012759479631542974,0.0004495043314677791,2.1000000000000001
2005,0.0011366063376212518,0.00040404413701229121,2.1000000000000001
2010,0.0010175772077895212,0.00036496776288471184,2.1000000000000001
2015,0.00091559741383043897,0.00033130840321773805,2.1000000000000001
2020,0.00082786968527848821,0.00030222242943263382,2.1000000000000001
2025,0.00075204612802025946,0.00027699172840516207,2.1000000000000001
2030,0.0006861790467299466,0.00025501340596268351,2.1000000000000001
2035,0.00062866259656733404,0.00023578494456683794,2.1000000000000001
2040,0.00057817624748004938,0.00021888879317197827,2.1000000000000001
2045,0.00053363452321078845,0.00020397816338952663,2.1000000000000001
2050,0.00049414425069079675,0.00019076467538178601,2.1000000000000001
2055,0.00045896907431769202,0.00017900794821678942,2.1000000000000001
2060,0.00042750039742922444,0.00016850698627901055,2.1000000000000001
2065,0.00039923375552271192,0.00015909312483187158,2.1000000000000001
2070,0.00037374966404159785,0.00015062428413640923,2.1000000000000001
2075,0.0003506980994414679,0.00014298030039410701,2.1000000000000001
2080,0.00032978590763684988,0.00013605913297342422,2.1000000000000001
2085,0.00031076656281339346,0.00012977378006992071,2.1000000000000001
2090,0.00029343181275727248,0.00012404976544193059,2.1000000000000001
2095,0.00027760484079452101,0.00011882308501973515,2.1000000000000001
2100,0.00026313465104727831,0.00011403852402818155,2.1000000000000001
2105,0.0002498914451757627,0.00010964827312097166,2.1000000000000001
2110,0.0002377628070166946,0.00010561078634015121,2.1000000000000001
2115,0.00022665054984278215,0.00010188983519804585,2.1000000000000001
2120,0.00021646811077457708,9.8453722305211412e-05,2.1000000000000001
2125,0.00020713840028025276,9.5274625209612553e-05,2.1000000000000001
2130,0.00019859203276798246,9.2328046875698474e-05,2.1000000000000001
2135,0.00019076587858872323,8.9592353794937701e-05,2.1000000000000001
2140,0.00018360188859595998,8.7048386380160055e-05,2.1000000000000001
2145,0.00017704615110001134,8.4679129170231023e-05,2.1000000000000001
2150,0.00017104814755516506,8.2469430718882801e-05,2.1000000000000001
2155,0.00016556017855680674,8.0405764884826646e-05,2.1000000000000001
2160,0.00016053693559344334,7.8476026752765583e-05,2.1000000000000001
2165,0.00015593519724550135,7.6669357603068801e-05,2.1000000000000001
2170,0.00015171363079513145,7.4975994344687893e-05,2.1000000000000001
2175,0.00014783268226541824,7.3387139606633146e-05,2.1000000000000001
2180,0.00014425453938289514,7.1894849330455643e-05,2.1000000000000001
2185,0.00014094315326092661,7.0491935242641618e-05,2.1000000000000001
2190,0.00013786430569927857,6.917188000760847e-05,2.1000000000000001
2195,0.00013498570998157189,6.7928763225073938e-05,2.1000000000000001
2200,0.00013227713393064349,6.6757196726497544e-05,2.1000000000000001
2205,0.00012971053489267792,6.5652267869658896e-05,2.1000000000000001
2210,0.00012726019718227878,6.4609489725357303e-05,2.1000000000000001
2215,0.00012490286338351063,6.3624757232111161e-05,2.1000000000000001
2220,0.00012261785187211091,6.269430851384619e-05,2.1000000000000001
2225,0.00012038715383983945,6.1814690693152115e-05,2.1000000000000001
2230,0.00011819550409523919,6.098272961532653e-05,2.1000000000000001
2235,0.0001160304209725216,6.0195502989012104e-05,2.1000000000000001
2240,0.00011388221169155337,5.9450316515311893e-05,2.1000000000000001
2245,0.00011174394060667625,5.8744682638237304e-05,2.1000000000000001
2250,0.00010961135884298834,5.807630159460454e-05,2.1000000000000001
2255,0.00010748279488562081,5.7443044490860464e-05,2.1000000000000001
2260,0.00010535900672741942,5.6842938162662481e-05,2.1000000000000001
2265,0.00010324299715278211,5.6274151609655376e-05,2.1000000000000001
2270,0.00010113979473905992,5.5734983820699758e-05,2.1000000000000001
2275,9.9056203916210084e-05,5.5223852830044313e-05,2.1000000000000001
2280,9.7000528322461896e-05,5.4739285861457544e-05,2.1000000000000001
2285,9.4982272275544782e-05,5.4279910438789287e-05,2.1000000000000001
2290,9.3011825797892505e-05,5.3844446350821966e-05,2.1000000000000001
2295,9.1100139045532892e-05,5.3431698376986264e-05,2.1000000000000001
2300,8.9258392319222619e-05,5.3040549686066867e-05,2.1000000000000001
2305,8.7497667980565181e-05,5.2669955834858271e-05,2.1000000000000001
2310,8.5828630657071046e-05,5.2318939300368981e-05,2.1000000000000001
2315,8.4261221987658112e-05,5.1986584485921176e-05,2.1000000000000001
2320,8.2804375930507266e-05,5.1672033152576837e-05,2.1000000000000001
2325,8.1465760262298137e-05,5.1374480227228155e-05,2.1000000000000001
2330,8.0251549415298373e-05,5.1093169951320988e-05,2.1000000000000001
2335,7.9166233172763847e-05,5.082739233305456e-05,2.1000000000000001
2340,7.821246501513152e-05,5.0576479875205882e-05,2.1000000000000001
2345,7.7390953150401423e-05,5.0339804550529077e-05,2.1000000000000001
2350,7.6700396338009647e-05,5.011677500268283e-05,2.1000000000000001
2355,7.6137465754775547e-05,4.9906833954283254e-05,2.1000000000000001
2360,7.5696833131213298e-05,4.9709455802933199e-05,2.1000000000000001
2365,7.5371244509092546e-05,4.9524144393198409e-05,2.1000000000000001
2370,7.515163793881214e-05,4.9350430949611961e-05,2.1000000000000001
2375,7.5027302559225895e-05,4.9187872161404236e-05,2.1000000000000001
2380,7.498607562058567e-05,4.9036048408820961e-05,2.1000000000000001
2385,7.5014573190726949e-05,4.8894562122639102e-05,2.1000000000000001
2390,7.5098449587626193e-05,4.8763036269778089e-05,2.1000000000000001
2395,7.5222679933236618e-05,4.8641112957118178e-05,2.1000000000000001
2400,7.5371859764748281e-05,4.8528452148610884e-05,2.1000000000000001
1600,2.8247102173935347e-05,6.123511235821063e-06,2.2000000000000002
1605,2.8844142006168096e-05,6.2958226421251607e-06,2.2000000000000002
1610,2.9477127954733817e-05,6.4759306669061975e-06,2.2000000000000002
1615,3.0151977133007713e-05,6.6643331589574633e-06,2.2000000000000002
1620,3.0874709270146077e-05,6.8615668224564684e-06,2.2000000000000002
1625,3.1651366181211708e-05,7.0682107776455161e-06,2.2000000000000002
1630,3.2487932656200746e-05,7.2848905020037201e-06,2.2000000000000002
1635,3.3390261058765321e-05,7.5122821984269877e-06,2.2000000000000002
1640,3.4364001936788219e-05,7.7511176426051056e-06,2.2000000000000002
1645,3.5414542996077975e-05,8.0021895698564545e-06,2.2000000000000002
1650,3.6546958677314974e-05,8.2663576689738604e-06,2.2000000000000002
1655,3.7765972535443726e-05,8.5445552612583659e-06,2.2000000000000002
1660,3.907593447161592e-05,8.8377967531384957e-06,2.2000000000000002
1665,4.0480814711826199e-05,9.1471859644246919e-06,2.2000000000000002
1670,4.1984216200733467e-05,9.4739254488615757e-06,2.2000000000000002
1675,4.3589406894233156e-05,9.8193269415820602e-06,2.2000000000000002
1680,4.5299373125905567e-05,1.0184823089006338e-05,2.2000000000000002
1685,4.7116895034179117e-05,1.0571980639844933e-05,2.2000000000000002
1690,4.9044644682065842e-05,1.098251530556703e-05,2.2000000000000002
1695,5.1085307329934176e-05,1.141830853199969e-05,2.2000000000000002
1700,5.3241725977061663e-05,1.1881426462440186e-05,2.2000000000000002
1705,5.5517069179976489e-05,1.2374141421439364e-05,2.2000000000000002
1710,5.7915021861189274e-05,1.2898956301743884e-05,2.2000000000000002
1715,6.0439998782608033e-05,1.3458632306097007e-05,2.2000000000000002
1720,6.3097380280019791e-05,1.4056220571594629e-05,2.2000000000000002
1725,6.5893769847821085e-05,1.4695098302097384e-05,2.2000000000000002
1730,6.8837273374993099e-05,1.5379010144995121e-05,2.2000000000000002
1735,7.1937799993106684e-05,1.611211568726077e-05,2.2000000000000002
1740,7.520738499975827e-05,1.6899044110256658e-05,2.2000000000000002
1745,7.8660535792551001e-05,1.7744957240507541e-05,2.2000000000000002
1750,8.2314602604124205e-05,1.865562247966239e-05,2.2000000000000002
1755,8.6190176734271884e-05,1.9637497386918746e-05,2.2000000000000002
1760,9.0311520345622869e-05,2.0697828055305722e-05,2.2000000000000002
1765,9.4707033352924914e-05,2.1844763856499974e-05,2.2000000000000002
1770,9.9409765019757893e-05,2.3087491681491868e-05,2.2000000000000002
1775,0.00010445798022679655,2.4436393473252289e-05,2.2000000000000002
1780,0.00010989579333726039,2.5903231680651767e-05,2.2000000000000002
1785,0.00011577388629622401,2.7501368300303764e-05,2.2000000000000002
1790,0.00012215033204936122,2.9246024471995422e-05,2.2000000000000002
1795,0.00012909154987203786,3.1154589207686121e-05,2.2000000000000002
1800,0.00013667342604906869,3.3246987884231835e-05,2.2000000000000002
1805,0.0001449826418187965,3.5546123700908601e-05,2.2000000000000002
1810,0.00015411826103069228,3.8078408574519381e-05,2.2000000000000002
1815,0.00016419364321042267,4.0874404090562642e-05,2.2000000000000002
1820,0.00017533876435828666,4.3969598428490313e-05,2.2000000000000002
1825,0.00018770304877683229,4.7405351957699805e-05,2.2000000000000002
1830,0.00020145884195586967,5.1230052879477038e-05,2.2000000000000002
1835,0.00021680568815616105,5.5500535457343396e-05,2.2000000000000002
1840,0.00023397561961827483,6.028382772404125e-05,2.2000000000000002
1845,0.00025323971868240563,6.5659313981697266e-05,2.2000000000000002
1850,0.0002749162834752603,7.1721421040792238e-05,2.2000000000000002
1855,0.00029938101470739723,7.8582967270179942e-05,2.2000000000000002
1860,0.00032707974913255555,8.6379351506896013e-05,2.2000000000000002
1865,0.00035854439618660661,9.5273806086125076e-05,2.2000000000000002
1870,0.00039441288742651537,0.00010546399508192813,2.2000000000000002
1875,0.00043545411428727278,0.00011719030392750897,2.2000000000000002
1880,0.00048259898394648244,0.00013074623380187765,2.2000000000000002
1885,0.00053697880512615891,0.00014649136751416339,2.2000000000000002
1890,0.00059997210140030986,0.00016486737729808431,2.2000000000000002
1895,0.00067326038305955647,0.00018641742344652565,2.2000000000000002
1900,0.00075889189505971312,0.00021180889507096175,2.2000000000000002
1905,0.00085934896289502859,0.00024185847905639954,2.2000000000000002
1910,0.00097760757046340668,0.00027755646612530674,2.2000000000000002
1915,0.0011171642610188449,0.00032008304842533598,2.2000000000000002
1920,0.0012819805998096085,0.00037080153796350922,2.2000000000000002
1925,0.001476252815224214,0.00043119966693625525,2.2000000000000002
1930,0.0017038484711730108,0.00050272821772914724,2.2000000000000002
1935,0.00196716982945955,0.00058645735262981464,2.2000000000000002
1940,0.0022651532774381812,0.00068244913333475384,2.2000000000000002
1945,0.0025902415404115684,0.00078877529577711246,2.2000000000000002
1950,0.0029247567636112629,0.00090028676530777812,2.2000000000000002
1955,0.0032384252607378775,0.0010076651879860148,2.2000000000000002
1960,0.0034904009746391787,0.0010978384937982524,2.2000000000000002
1965,0.003638851115740084,0.0011568463461779414,2.2000000000000002
1970,0.0036563517348182856,0.0011747775847808096,2.2000000000000002
1975,0.0035422208405713413,0.0011500359402282752,2.2000000000000002
1980,0.003322400651935955,0.0010897711342494462,2.2000000000000002
1985,0.0030371668058964936,0.0010062613931461439,2.2000000000000002
1990,0.0027261576338853959,0.00091213660198648076,2.2000000000000002
1995,0.0024191514984164392,0.00081723672701426633,2.2000000000000002
2000,0.0021340486632089534,0.00072774638556816684,2.2000000000000002
2005,0.0018790949121005878,0.00064675638235556199,2.2000000000000002
2010,0.0016562209107934523,0.00057526260811225412,2.2000000000000002
2015,0.0014638693878788118,0.0005130543296452475,2.2000000000000002
2020,0.0012988970004592876,0.00045933178942636206,2.2000000000000002
2025,0.0011576833362255052,0.00041307810021085772,2.2000000000000002
2030,0.0010367038370302777,0.0003732594025599851,2.2000000000000002
2035,0.00093278409267152983,0.0003389200158986428,2.2000000000000002
2040,0.00084318148409527941,0.00030921890884523496,2.2000000000000002
2045,0.00076558134494113294,0.00028343589111822843,2.2000000000000002
2050,0.00069805586843787613,0.0002609636567026099,2.2000000000000002
2055,0.00063901078808566191,0.00024129431158031393,2.2000000000000002
2060,0.00058713190804883725,0.00022400473455573769,2.2000000000000002
2065,0.00054133667559103202,0.00020874278385840417,2.2000000000000002
2070,0.00050073250360154517,0.00019521514160049464,2.2000000000000002
2075,0.00046458189710299577,0.00018317698145746975,2.2000000000000002
2080,0.00043227373419767255,0.00017242336539953336,2.2000000000000002
2085,0.00040329982299217747,0.00016278216470214595,2.2000000000000002
2090,0.00037723585002055602,0.00015410827310475753,2.2000000000000002
2095,0.0003537259234802539,0.00014627889102470192,2.2000000000000002
2100,0.00033247003219805902,0.00013918968588654432,2.2000000000000002
2105,0.00031321385952787852,0.00013275166373036862,2.2000000000000002
2110,0.00029574049682026983,0.00012688861602721692,2.2000000000000002
2115,0.00027986369095604811,0.00012153503087873346,2.2000000000000002
2120,0.00026542233407860806,0.00011663437922224576,2.2000000000000002
2125,0.00025227596290626643,0.00011213770415695222,2.2000000000000002
2130,0.00024030108223808903,0.00010800245583498984,2.2000000000000002
2135,0.00022938816465034289,0.00010419152572541816,2.2000000000000002
2140,0.00021943920758336628,0.00010067244327417628,2.2000000000000002
2145,0.00021036575211495846,9.7416705204250156e-05,2.2000000000000002
2150,0.00020208728566905402,9.4399213554658632e-05,2.2000000000000002
2155,0.0001945299650120341,9.1597803129573924e-05,2.2000000000000002
2160,0.00018762560691626095,8.8992842747342402e-05,2.2000000000000002
2165,0.00018131090262627194,8.6566897602184269e-05,2.2000000000000002
2170,0.00017552681893833556,8.4304442403530935e-05,2.2000000000000002
2175,0.00017021815429588973,8.2191616865319106e-05,2.2000000000000002
2180,0.00016533322252879269,8.0216016626834572e-05,2.2000000000000002
2185,0.00016082364036126707,7.8366513909645811e-05,2.2000000000000002
2190,0.00015664419776043102,7.6633103230401532e-05,2.2000000000000002
2195,0.0001527527925246027,7.5006768279647115e-05,2.2000000000000002
2200,0.00014911041260376055,7.3479366737496456e-05,2.2000000000000002
2205,0.00014568115146979498,7.2043530348200009e-05,2.2000000000000002
2210,0.00014243224344888988,7.0692577999735673e-05,2.2000000000000002
2215,0.00013933410746330639,6.9420439928310668e-05,2.2000000000000002
2220,0.00013636038905472445,6.822159146784994e-05,2.2000000000000002
2225,0.00013348799193610973,6.7090995002570906e-05,2.2000000000000002
2230,0.00013069709165744545,6.6024049000134249e-05,2.2000000000000002
2235,0.00012797112524177496,6.5016543159507174e-05,2.2000000000000002
2240,0.00012529675207185033,6.4064618862504308e-05,2.2000000000000002
2245,0.00012266378238554634,6.3164734230742171e-05,2.2000000000000002
2250,0.00012006507113997084,6.2313633189919982e-05,2.2000000000000002
2255,0.00011749637613172688,6.1508318035092912e-05,2.2000000000000002
2260,0.00011495618046055166,6.0746025047810754e-05,2.2000000000000002
2265,0.0001124454804477512,6.0024202793416093e-05,2.2000000000000002
2270,0.00010996754127016856,5.9340492764027219e-05,2.2000000000000002
2275,0.00010752762336343043,5.8692712084020899e-05,2.2000000000000002
2280,0.00010513268361915764,5.8078838028621339e-05,2.2000000000000002
2285,0.00010279105603457285,5.7496994141124843e-05,2.2000000000000002
2290,0.00010051211713148811,5.6945437759387182e-05,2.2000000000000002
2295,9.8305941916292184e-05,5.6422548785939512e-05,2.2000000000000002
2300,9.6182956483246415e-05,5.5926819559269265e-05,2.2000000000000002
2305,9.41535935875116e-05,5.5456845698237424e-05,2.2000000000000002
2310,9.2227957513157965e-05,5.5011317810930654e-05,2.2000000000000002
2315,9.0415504513266539e-05,5.4589013968767537e-05,2.2000000000000002
2320,8.8724744837959972e-05,5.4188792862178049e-05,2.2000000000000002
2325,8.7162971999015418e-05,5.380958756391963e-05,2.2000000000000002
2330,8.5736024413513359e-05,5.3450399833159425e-05,2.2000000000000002
2335,8.4448083973077246e-05,5.3110294904733966e-05,2.2000000000000002
2340,8.330151534408626e-05,5.2788396713357819e-05,2.2000000000000002
2345,8.2296749017886437e-05,5.2483883509361556e-05,2.2000000000000002
2350,8.1432210240879423e-05,5.2195983828058589e-05,2.2000000000000002
2355,8.0704295041014926e-05,5.1923972779658418e-05,2.2000000000000002
2360,8.0107393595447776e-05,5.166716863181567e-05,2.2000000000000002
2365,7.9633960220995532e-05,5.1424929658744003e-05,2.2000000000000002
2370,7.9274628310667519e-05,5.1196651236003847e-05,2.2000000000000002
2375,7.9018367593857691e-05,5.0981763161187692e-05,2.2000000000000002
2380,7.8852680230855039e-05,5.0779727184138977e-05,2.2000000000000002
2385,7.8763831425742914e-05,5.0590034732166879e-05,2.2000000000000002
2390,7.8737109533317327e-05,5.0412204815611063e-05,2.2000000000000002
2395,7.8757109970859166e-05,5.0245782103628528e-05,2.2000000000000002
2400,7.8808036796384456e-05,5.009033515754457e-05,2.2000000000000002
1600,2.5981970903654214e-05,5.7688181112022502e-06,2.2999999999999998
1605,2.6470603871039598e-05,5.9188146624844563e-06,2.2999999999999998
1610,2.6987774008220734e-05,6.0750799769302385e-06,2.2999999999999998
1615,2.7538879096147527e-05,6.2379922039143196e-06,2.2999999999999998
1620,2.8129397202255026e-05,6.4079575048552825e-06,2.2999999999999998
1625,2.8764804183432429e-05,6.5854124842970041e-06,2.2999999999999998
1630,2.9450491896793044e-05,6.7708268677299279e-06,2.2999999999999998
1635,3.0191689327133215e-05,6.9647064544112111e-06,2.2999999999999998
1640,3.0993388795894804e-05,7.1675963772066749e-06,2.2999999999999998
1645,3.1860279478330828e-05,7.380084705899708e-06,2.2999999999999998
1650,3.2796690334412053e-05,7.6028064345362461e-06,2.2999999999999998
1655,3.3806544520999289e-05,7.8364478990976386e-06,2.2999999999999998
1660,3.4893327155560237e-05,8.0817516782658749e-06,2.2999999999999998
1665,3.6060068169118662e-05,8.3395220361072482e-06,2.2999999999999998
1670,3.7309341732631042e-05,8.6106309757187214e-06,2.2999999999999998
1675,3.8643283516863018e-05,8.8960249800680418e-06,2.2999999999999998
1680,4.0063626751086427e-05,9.1967325296667938e-06,2.2999999999999998
1685,4.1571757783801385e-05,9.5138724980832037e-06,2.2999999999999998
1690,4.3168791503006953e-05,9.8486635418831479e-06,2.2999999999999998
1695,4.4855666718544261e-05,1.0202434619846231e-05,2.2999999999999998
1700,4.6633261232448758e-05,1.0576636795702679e-05,2.2999999999999998
1705,4.8502526147879413e-05,1.0972856504386957e-05,2.2999999999999998
1710,5.0464638592893243e-05,1.1392830488227332e-05,2.2999999999999998
1715,5.2521171872986865e-05,1.1838462645330885e-05,2.2999999999999998
1720,5.4674281914712154e-05,1.2311843069928188e-05,2.2999999999999998
1725,5.6926908651594258e-05,1.2815269612956594e-05,2.2999999999999998
1730,5.9282991086704559e-05,1.3351272343710336e-05,2.2999999999999998
1735,6.1747694668279351e-05,1.392264136455562e-05,2.2999999999999998
1740,6.4327649833519497e-05,1.4532458502440216e-05,2.2999999999999998
1745,6.7031200772967779e-05,1.5184133501092819e-05,2.2999999999999998
1750,6.9868663832928246e-05,1.5881445446224719e-05,2.2999999999999998
1755,7.2852595426066348e-05,1.6628590292854982e-05,2.2999999999999998
1760,7.5998070017565733e-05,1.7430235527420183e-05,2.2999999999999998
1765,7.9322969496590929e-05,1.829158319307726e-05,2.2999999999999998
1770,8.2848286270330456e-05,1.9218442746417987e-05,2.2999999999999998
1775,8.6598443653077044e-05,2.0217315505384151e-05,2.2999999999999998
1780,9.0601638503765941e-05,2.1295492801846797e-05,2.2999999999999998
1785,9.4890212917661795e-05,2.2461170389740024e-05,2.2999999999999998
1790,9.9501063856410727e-05,2.372358219159612e-05,2.2999999999999998
1795,0.00010447610202796842,2.509315712845416e-05,2.2999999999999998
1800,0.00010986277451107744,2.6581703596045411e-05,2.2999999999999998
1805,0.00011571466910863706,2.8202627159803676e-05,2.2999999999999998
1810,0.00012209222290549172,2.9971188313253996e-05,2.2999999999999998
1815,0.00012906356284829798,3.1904808723704159e-05,2.2999999999999998
1820,0.00013670551272408906,3.4023436378941929e-05,2.2999999999999998
1825,0.00014510480904470611,3.634998255696932e-05,2.2999999999999998
1830,0.00015435957839986071,3.8910846708642251e-05,2.2999999999999998
1835,0.00016458114134974936,4.1736549369943405e-05,2.2999999999999998
1840,0.00017589622380369708,4.4862498340917833e-05,2.2999999999999998
1845,0.0001884496765878311,4.8329919901160207e-05,2.2999999999999998
1850,0.00020240782913504362,5.2186995200096416e-05,2.2999999999999998
1855,0.00021796263510541247,5.649025266986271e-05,2.2999999999999998
1860,0.00023533680831548906,6.1306281032916948e-05,2.2999999999999998
1865,0.00025479019871220838,6.6713845081131588e-05,2.2999999999999998
1870,0.00027662772309232158,7.2806508839637506e-05,2.2999999999999998
1875,0.00030120924679122887,7.9695899261927295e-05,2.2999999999999998
1880,0.00032896191324275671,8.7515779390199939e-05,2.2999999999999998
1885,0.00036039554027564877,9.6427144142005003e-05,2.2999999999999998
1890,0.00039612184334515081,0.00010662460472064919,2.2999999999999998
1895,0.00043687839835253626,0.00011834438760414404,2.2999999999999998
1900,0.00048355839567462922,0.00013187433484886321,2.2999999999999998
1905,0.00053724730680295091,0.00014756633875368395,2.2999999999999998
1910,0.00059926746856498565,0.00016585164135025885,2.2999999999999998
1915,0.0006712310523832606,0.00018725930700825045,2.2999999999999998
1920,0.00075510047313431014,0.00021243779398338997,2.2999999999999998
1925,0.0008532521549524301,0.00024217863940771781,2.2999999999999998
1930,0.00096853316654070456,0.00027743933515028186,2.2999999999999998
1935,0.0011042879098680661,0.00031935863455021261,2.2999999999999998
1940,0.0012643095549414538,0.00036925036072225486,2.2999999999999998
1945,0.0014526325060828802,0.00042854925485291104,2.2999999999999998
1950,0.0016730229737520574,0.0004986625301022018,2.2999999999999998
1955,0.0019279500229174942,0.00058065451323064939,2.2999999999999998
1960,0.0022167698343827412,0.00067467094753017763,2.2999999999999998
1965,0.0025329550582693125,0.00077903319382833852,2.2999999999999998
1970,0.0028606972677836916,0.00088908294798353772,2.2999999999999998
1975,0.0031723582242531409,0.00099622830926902948,2.2999999999999998
1980,0.0034297313955322481,0.0010881533959569466,2.2999999999999998
1985,0.0035921312215702389,0.0011512486142279696,2.2999999999999998
1990,0.0036304520054518266,0.0011751378851715311,2.2999999999999998
1995,0.0035397486267967093,0.00115699457340263,2.2999999999999998
2000,0.0033411561673363675,0.0011025695360701948,2.2999999999999998
2005,0.0030717704112773673,0.0010232280009398571,2.2999999999999998
2010,0.0027703914128637463,0.00093139169176889873,2.2999999999999998
2015,0.0024676373532303503,0.00083719414703124881,2.2999999999999998
2020,0.0021829001707987078,0.00074729958045227239,2.2999999999999998
2025,0.0019258659033173885,0.00066524918635927613,2.2999999999999998
2030,0.0016995704080551084,0.00059237574656290917,2.2999999999999998
2035,0.0015032011719983802,0.00052868784260483705,2.2999999999999998
2040,0.0013340739283385977,0.00047351376478316231,2.2999999999999998
2045,0.0011888307014288463,0.00042590318420779809,2.2999999999999998
2050,0.001064084756411295,0.00038485093631088614,2.2999999999999998
2055,0.00095672489247876054,0.00034940833158849912,2.2999999999999998
2060,0.00086402906038303862,0.00031872979486159811,2.2999999999999998
2065,0.00078367993599356208,0.00029208510400336954,2.2999999999999998
2070,0.00071373516290918035,0.00026885486194621857,2.2999999999999998
2075,0.00065258041932747415,0.00024851887071576396,2.2999999999999998
2080,0.0005988793990619486,0.00023064241570740747,2.2999999999999998
2085,0.00055152714059493414,0.00021486287462309483,2.2999999999999998
2090,0.00050960915706751639,0.00020087768069946752,2.2999999999999998
2095,0.00047236685914324992,0.00018843396263929993,2.2999999999999998
2100,0.00043916887484358926,0.00017731984461225316,2.2999999999999998
2105,0.00040948753159961409,0.0001673572440757125,2.2999999999999998
2110,0.00038287969553223004,0.00015839595776712261,2.2999999999999998
2115,0.00035897121308931136,0.00015030882594016442,2.2999999999999998
2120,0.00033744429627091519,0.00014298778473981346,2.2999999999999998
2125,0.00031802729834825254,0.00013634064332864807,2.2999999999999998
2130,0.00030048642561935257,0.00013028844938498723,2.2999999999999998
2135,0.00028461901684325786,0.00012476333106843204,2.2999999999999998
2140,0.0002702480934074594,0.00011970672463970353,2.2999999999999998
2145,0.00025721794191537102,0.00011506791441622463,2.2999999999999998
2150,0.00024539053770910744,0.00011080282611435432,2.2999999999999998
2155,0.00023464265517838189,0.0001068730261934286,2.2999999999999998
2160,0.00022486354031085701,0.00010324488913472069,2.2999999999999998
2165,0.00021595304440678664,9.9888902015183198e-05,2.2999999999999998
2170,0.00020782013616184444,9.6779081701748167e-05,2.2999999999999998
2175,0.00020038172414910409,9.3892484703106538e-05,2.2999999999999998
2180,0.00019356173312845462,9.1208793536232951e-05,2.2999999999999998
2185,0.000187290387008007,8.8709966469345669e-05,2.2999999999999998
2190,0.00018150365863669985,8.6379939961615657e-05,2.2999999999999998
2195,0.00017614285263970722,8.4204375040667002e-05,2.2999999999999998
2200,0.00017115429250196356,8.2170440462167046e-05,2.2999999999999998
2205,0.00016648908716194495,8.0266626746941137e-05,2.2999999999999998
2210,0.00016210295591588994,7.8482586227629413e-05,2.2999999999999998
2215,0.00015795609339843434,7.680899507658534e-05,2.2999999999999998
2220,0.00015401305905882117,7.5237433964019055e-05,2.2999999999999998
2225,0.00015024267788806684,7.3760284554366464e-05,2.2999999999999998
2230,0.00014661794130478746,7.237063951035972e-05,2.2999999999999998
2235,0.00014311589904397821,7.106222404436591e-05,2.2999999999999998
2240,0.00013971753477038507,6.9829327374334183e-05,2.2999999999999998
2245,0.00013640761976378208,6.8666742690266935e-05,2.2999999999999998
2250,0.00013317454071441387,6.7569714459604031e-05,2.2999999999999998
2255,0.00013001009910859862,6.653389207190347e-05,2.2999999999999998
2260,0.00012690928114877427,6.5555288969488737e-05,2.2999999999999998
2265,0.00012386999837006241,6.4630246546431907e-05,2.2999999999999998
2270,0.00012089280044375766,6.3755402186374836e-05,2.2999999999999998
2275,0.00011798056258878809,6.2927660911543378e-05,2.2999999999999998
2280,0.00011513815111904804,6.2144170183621447e-05,2.2999999999999998
2285,0.00011237207135035922,6.14022974593559e-05,2.2999999999999998
2290,0.00010969010290071035,6.0699610160677079e-05,2.2999999999999998
2295,0.00010710092784472564,6.0033857764004925e-05,2.2999999999999998
2300,0.00010461375766854568,5.9402955750360403e-05,2.2999999999999998
2305,0.00010223796516330353,5.8804971195130178e-05,2.2999999999999998
2310,9.9982727479705524e-05,5.8238109802008767e-05,2.2999999999999998
2315,9.7856686517316973e-05,5.7700704214678365e-05,2.2999999999999998
2320,9.5867632596399914e-05,5.7191203456135906e-05,2.2999999999999998
2325,9.4022216997527276e-05,5.6708163369939796e-05,2.2999999999999998
2330,9.2325698477017362e-05,5.6250237950502772e-05,2.2999999999999998
2335,9.0781728263173003e-05,5.5816171464617836e-05,2.2999999999999998
2340,8.9392177289652577e-05,5.5404791279950349e-05,2.2999999999999998
2345,8.8157008664543844e-05,5.5015001325982531e-05,2.2999999999999998
2350,8.7074197460644691e-05,5.46457761216638e-05,2.2999999999999998
2355,8.6139698992696945e-05,5.4296155315522477e-05,2.2999999999999998
2360,8.5347465796506937e-05,5.3965238686154049e-05,2.2999999999999998
2365,8.4689512515268711e-05,5.3652181562311647e-05,2.2999999999999998
2370,8.4156026974407502e-05,5.3356190623365476e-05,2.2999999999999998
2375,8.3735524734682189e-05,5.3076520047473873e-05,2.2999999999999998
2380,8.3415043572131336e-05,5.2812467978740078e-05,2.2999999999999998
2385,8.3180373480919368e-05,5.2563373286147914e-05,2.2999999999999998
2390,8.3016317072277159e-05,5.2328612592500819e-05,2.2999999999999998
2395,8.2906974610419233e-05,5.2107597551347495e-05,2.2999999999999998
2400,8.2836047417055692e-05,5.1899772354961033e-05,2.2999999999999998
1600,2.4033852605734351e-05,5.4789014134355072e-06,2.3999999999999999
1605,2.4433460971699751e-05,5.6110177539022566e-06,2.3999999999999999
1610,2.4855694093263013e-05,5.7482240602106324e-06,2.3999999999999999
1615,2.5305558844412287e-05,5.8908103280450255e-06,2.3999999999999999
1620,2.578813071942742e-05,6.0390869753466518e-06,2.3999999999999999
1625,2.6308470433171919e-05,6.1933865235748035e-06,2.3999999999999999
1630,2.687154070802548e-05,6.3540654416002162e-06,2.3999999999999999
1635,2.7482125366529697e-05,6.5215061696748133e-06,2.3999999999999999
1640,2.8144752822282415e-05,6.6961193437066606e-06,2.3999999999999999
1645,2.8863626103265934e-05,6.8783462419065093e-06,2.3999999999999999
1650,2.9642561422450923e-05,7.0686614790894936e-06,2.3999999999999999
1655,3.0484937271510917e-05,7.2675759764376151e-06,2.3999999999999999
1660,3.1393655819662508e-05,7.4756402386909465e-06,2.3999999999999999
1665,3.2371118234091651e-05,7.6934479739746988e-06,2.3999999999999999
1670,3.3419215313178595e-05,7.9216400970941517e-06,2.3999999999999999
1675,3.453933458386249e-05,8.1609091610722339e-06,2.3999999999999999
1680,3.573238468513809e-05,8.4120042698738799e-06,2.3999999999999999
1685,3.6998837621776051e-05,8.675736529753222e-06,2.3999999999999999
1690,3.8338789095304145e-05,8.9529851075604715e-06,2.3999999999999999
1695,3.9752036827313119e-05,9.2447039714909707e-06,2.3999999999999999
1700,4.1238176455858809e-05,9.5519294027862487e-06,2.3999999999999999
1705,4.2796714272193273e-05,9.8757883778827312e-06,2.3999999999999999
1710,4.4427195766860093e-05,1.0217507937586154e-05,2.3999999999999999
1715,4.6129348694196047e-05,1.0578425674540297e-05,2.3999999999999999
1720,4.7903239129028934e-05,1.0960001493907723e-05,2.3999999999999999
1725,4.9749438793323116e-05,1.1363830823214567e-05,2.3999999999999999
1730,5.1669201833811027e-05,1.1791659476638506e-05,2.3999999999999999
1735,5.3664649122107546e-05,1.224540041274112e-05,2.3999999999999999
1740,5.5738958175437858e-05,1.2727152661420316e-05,2.3999999999999999
1745,5.7896556897737942e-05,1.3239222743792059e-05,2.3999999999999999
1750,6.0143319453685723e-05,1.3784148962277996e-05,2.3999999999999999
1755,6.2486762908910211e-05,1.4364729001996546e-05,2.3999999999999999
1760,6.493624360188346e-05,1.4984051363129884e-05,2.3999999999999999
1765,6.7503152685044438e-05,1.5645531233614956e-05,2.3999999999999999
1770,7.0201110847674072e-05,1.6352951523317351e-05,2.3999999999999999
1775,7.3046162975588555e-05,1.7110509910946018e-05,2.3999999999999999
1780,7.6056974284300513e-05,1.7922872914294029e-05,2.3999999999999999
1785,7.9255030512458146e-05,1.8795238186674674e-05,2.3999999999999999
1790,8.2664845871830269e-05,1.9733406473555754e-05,2.3999999999999999
1795,8.631418377864672e-05,2.0743864945489649e-05,2.3999999999999999
1800,9.0234296984594459e-05,2.1833883969616177e-05,2.3999999999999999
1805,9.4460195456025375e-05,2.3011629798794927e-05,2.3999999999999999
1810,9.9030952466745278e-05,2.4286296179535918e-05,2.3999999999999999
1815,0.00010399006184219894,2.5668258510547999e-05,2.3999999999999999
1820,0.00010938586213388567,2.7169254976111951e-05,2.3999999999999999
1825,0.00011527204689646134,2.8802600048948385e-05,2.3999999999999999
1830,0.00012170828453996984,3.058343697780913e-05,2.3999999999999999
1835,0.00012876097592404899,3.2529037384590472e-05,2.3999999999999999
1840,0.00013650418423109906,3.4659158010383825e-05,2.3999999999999999
1845,0.00014502077894718994,3.6996467027897756e-05,2.3999999999999999
1850,0.00015440384517904966,3.9567055369451038e-05,2.3999999999999999
1855,0.00016475842111818358,4.2401052344898343e-05,2.3999999999999999
1860,0.00017620364101056596,4.55333696674889e-05,2.3999999999999999
1865,0.00018887537950401371,4.9004604210123984e-05,2.3999999999999999
1870,0.00020292951636017271,5.2862137684322659e-05,2.3999999999999999
1875,0.00021854597030939693,5.7161481532939198e-05,2.3999999999999999
1880,0.00023593368823781417,6.1967928196432609e-05,2.3999999999999999
1885,0.00025533682351808532,6.735858638105084e-05,2.3999999999999999
1890,0.00027704239751143449,7.3424898881448597e-05,2.3999999999999999
1895,0.00030138981348598202,8.0275768015440239e-05,2.3999999999999999
1900,0.00032878268525313241,8.8041446892205553e-05,2.3999999999999999
1905,0.00035970355531976056,9.6878395462605252e-05,2.3999999999999999
1910,0.00039473220746621929,0.00010697534892552692,2.3999999999999999
1915,0.00043456841958482503,0.00011856090080405168,2.3999999999999999
1920,0.00048006013140296596,0.00013191295847223182,2.3999999999999999
1925,0.00053223807042030618,0.00014737047083388948,2.3999999999999999
1930,0.00059235778312065476,0.00016534782577445683,2.3999999999999999
1935,0.00066194955299976003,0.00018635220571717182,2.3999999999999999
1940,0.00074287545501031777,0.00021100384936800659,2.3999999999999999
1945,0.00083739005976303797,0.00024005836085003808,2.3999999999999999
1950,0.00094819572729623136,0.00027442850125928821,2.3999999999999999
1955,0.0010784727219202571,0.00031519953295023543,2.3999999999999999
1960,0.0012318448644235683,0.00036362592079577661,2.3999999999999999
1965,0.0014122080388316381,0.0004210862448359719,2.3999999999999999
1970,0.0016232968799282589,0.00048895571074429026,2.3999999999999999
1975,0.0018677972813107948,0.00056833199962558808,2.3999999999999999
1980,0.0021457593982349811,0.00065952931755320721,2.3999999999999999
1985,0.0024521252911230899,0.00076126830628776051,2.3999999999999999
1990,0.0027735641432153489,0.00086960440686262937,2.3999999999999999
1995,0.0030857545064591628,0.0009769426503050294,2.3999999999999999
2000,0.003353629750444633,0.0010719552103150797,2.3999999999999999
2005,0.0035375860917935377,0.0011414334888722366,2.3999999999999999
2010,0.0036059094476086394,0.0011742808046827171,2.3999999999999999
2015,0.0035477450185139887,0.0011659025644997611,2.3999999999999999
2020,0.0033777224677302505,0.0011200499509178416,2.3999999999999999
2025,0.0031287530377352101,0.0010467772990510858,2.3999999999999999
2030,0.0028387444969282618,0.00095821471059357236,2.3999999999999999
2035,0.0025397661238962224,0.00086494321588246768,2.3999999999999999
2040,0.002253523719734335,0.00077435153566644929,2.3999999999999999
2045,0.0019918635190850132,0.00069065916369593586,2.3999999999999999
2050,0.0017594310040043462,0.00061570277249228399,2.3999999999999999
2055,0.0015564583210779322,0.00054981480511664483,2.3999999999999999
2060,0.0013808704840143464,0.00049250862113573378,2.3999999999999999
2065,0.0012296275725656913,0.00044292650187335641,2.3999999999999999
2070,0.0010994827396622669,0.00040009989601413827,2.3999999999999999
2075,0.00098736294739988563,0.00036308539174192343,2.3999999999999999
2080,0.00089053010591495861,0.00033102664692159057,2.3999999999999999
2085,0.00080662454827145572,0.00030317554753025376,2.3999999999999999
2090,0.00073365089218886421,0.00027889260966133166,2.3999999999999999
2095,0.0006699394156056645,0.0002576379122197796,2.3999999999999999
2100,0.00061410015697733881,0.0002389585853922094,2.3999999999999999
2105,0.00056497804625324629,0.00022247587889517894,2.3999999999999999
2110,0.00052161260919455284,0.00020787319353726143,2.3999999999999999
2115,0.00048320335480406799,0.00019488559856369441,2.3999999999999999
2120,0.00044908079187388496,0.00018329092802273205,2.3999999999999999
2125,0.0004186825225689713,0.00017290235230153027,2.3999999999999999
2130,0.00039153370053789669,0.00016356224446344535,2.3999999999999999
2135,0.00036723114100787333,0.00015513714465629545,2.3999999999999999
2140,0.00034543043901249089,0.00014751363721327712,2.3999999999999999
2145,0.00032583554310881781,0.00014059497730846415,2.3999999999999999
2150,0.00030819032376159963,0.00013429832897418368,2.3999999999999999
2155,0.00029227175810425654,0.00012855249995722965,2.3999999999999999
2160,0.00027788442378965912,0.00012329607973425791,2.3999999999999999
2165,0.00026485605314901004,0.00011847590473896388,2.3999999999999999
2170,0.00025303394657334353,0.00011404578940901463,2.3999999999999999
2175,0.00024228208252325293,0.00010996547361213449,2.3999999999999999
2180,0.00023247879222820238,0.00010619974661416369,2.3999999999999999
2185,0.00022351489163170894,0.00010271771547308024,2.3999999999999999
2190,0.00021529218280597339,9.9492191956952492e-05,2.3999999999999999
2195,0.00020772225258701456,9.6499177009294902e-05,2.3999999999999999
2200,0.00020072550884971387,9.3717425784838428e-05,2.3999999999999999
2205,0.0001942304050355267,9.1128079431701992e-05,2.3999999999999999
2210,0.00018817281174163592,8.8714352366148078e-05,2.3999999999999999
2215,0.00018249550114043418,8.6461265826019804e-05,2.3999999999999999
2220,0.00017714771561409365,8.4355420151700813e-05,2.3999999999999999
2225,0.00017208479682337646,8.238479957736122e-05,2.3999999999999999
2230,0.00016726785550170441,8.0538604401431403e-05,2.3999999999999999
2235,0.00016266346586643368,7.88071062854893e-05,2.3999999999999999
2240,0.00015824337159295993,7.718152315173491e-05,2.3999999999999999
2245,0.00015398419306408473,7.5653910731778975e-05,2.3999999999999999
2250,0.00014986712806693364,7.4217068312858677e-05,2.3999999999999999
2255,0.00014587764028462834,7.2864456608868959e-05,2.3999999999999999
2260,0.00014200513191569116,7.1590126027960404e-05,2.3999999999999999
2265,0.00013824259849927223,7.038865386668934e-05,2.3999999999999999
2270,0.00013458626564652348,6.9255089193620765e-05,2.3999999999999999
2275,0.00013103520870073469,6.8184904367083658e-05,2.3999999999999999
2280,0.00012759095766175444,6.7173952297927732e-05,2.3999999999999999
2285,0.00012425709064821096,6.6218428688011259e-05,2.3999999999999999
2290,0.00012103882012007761,6.5314838594601073e-05,2.3999999999999999
2295,0.00011794257671130328,6.4459966760797407e-05,2.3999999999999999
2300,0.00011497559606627508,6.36508512301346e-05,2.3999999999999999
2305,0.00011214551439848951,6.2884759831536804e-05,2.3999999999999999
2310,0.00010945997864597514,6.2159169181331541e-05,2.3999999999999999
2315,0.00010692627709283111,6.1471745886617304e-05,2.3999999999999999
2320,0.00010455099619489272,6.0820329692772896e-05,2.3999999999999999
2325,0.00010233970896393793,6.0202918336466262e-05,2.3999999999999999
2330,0.00010029669987386744,5.9617653907492873e-05,2.3999999999999999
2335,9.8424730634625641e-05,5.9062810545337389e-05,2.3999999999999999
2340,9.6724850461348431e-05,5.8536783319322339e-05,2.3999999999999999
2345,9.51962537380132e-05,5.8038078160753771e-05,2.3999999999999999
2350,9.3836187017999246e-05,5.7565302732028656e-05,2.3999999999999999
2355,9.2639906450656484e-05,5.7117158135307741e-05,2.3999999999999999
2360,9.1600685729066497e-05,5.6692431371813993e-05,2.3999999999999999
2365,9.0709873651344602e-05,5.6289988476507545e-05,2.3999999999999999
2370,8.9956999479361312e-05,5.5908768262929084e-05,2.3999999999999999
2375,8.9329923274017472e-05,5.5547776616957174e-05,2.3999999999999999
2380,8.8815027518494437e-05,5.5206081292332627e-05,2.3999999999999999
2385,8.8397445528102584e-05,5.4882807158891619e-05,2.3999999999999999
2390,8.8061321389060895e-05,5.4577131865297228e-05,2.3999999999999999
2395,8.7790095525349483e-05,5.4288281880068331e-05,2.3999999999999999
2400,8.7566809514103084e-05,5.4015528878505196e-05,2.3999999999999999
